"Epic","Feature","Story","FAILED","BROKEN","PASSED","SKIPPED","UNKNOWN"
"This story represents the Publish module of the onelern_school project.","","PUBFT-02","0","0","5","0","0"
"This story represents the Publish module of the onelern_school project.","","PUBFT-03","0","0","5","0","0"
"Login functionality of the onelern_school project.","","LOGFT_01","0","0","1","0","0"
"This story represents the Library module of the onelern_school project.","","LIBFT_01","0","0","5","0","0"
"This story represents the Publish module of the onelern_school project.","","PUBFT-04","0","0","5","0","0"
"This story represents the Library module of the onelern_school project.","","LIBFS_01","0","0","5","0","0"
"This story represents the Doubts module of the onelern_school project.","","DOUFS_01","0","0","5","0","0"
"This story represents the Doubts module of the onelern_school project.","","DOUFT-03","0","0","1","0","0"
"This story represents the Notebook module of the onelern_school project.","","NOTFS_01","0","0","5","0","0"
"This story represents the Doubts module of the onelern_school project.","","DOUFT-02","0","0","5","0","0"
"This story represents the Doubts module of the onelern_school project.","","DOUFS_05","0","1","4","0","0"
"Login functionality of the onelern_school project.","","LOGFS_04","0","0","5","0","0"
"This story represents the Library module of the onelern_school project.","","LIBFS_06","0","0","5","0","0"
"This story represents the Library module of the onelern_school project.","","LIBFS_07","0","1","4","0","0"
"This story represents the Library module of the onelern_school project.","","LIBFT_02","0","0","5","0","0"
"This story represents the Library module of the onelern_school project.","","LIBFT_03","0","0","5","0","0"
"This story represents the Library module of the onelern_school project.","","LIBFS_02","0","0","5","0","0"
"This story represents the Library module of the onelern_school project.","","LIBFT_05","0","0","5","0","0"
"This story represents the Library module of the onelern_school project.","","LIBFS_03","0","0","5","0","0"
"This story represents the Library module of the onelern_school project.","","LIBFT-08","0","1","4","0","0"
"Login functionality of the onelern_school project.","","LOGFT_04","0","0","5","0","0"
"This story represents the Publish module of the onelern_school project.","","TPUBFS_02","0","0","5","0","0"
"This story represents the Notebook module of the onelern_school project.","","NOTFS_04","0","0","5","0","0"
"This story represents the Notebook module of the onelern_school project.","","NOTFT-01","0","0","5","0","0"
"This story represents the Publish module of the onelern_school project.","","TPUBFS_05","0","0","5","0","0"
"This story represents the Library module of the onelern_school project.","","LIBFT_06","0","0","5","0","0"
"This story represents the Doubts module of the onelern_school project.","","DOUFS_02","0","1","4","0","0"
"Login functionality of the onelern_school project.","","LOGFT_03","0","0","5","0","0"
"This story represents the Publish module of the onelern_school project.","","TPUBFS_04","0","0","5","0","0"
"This story represents the Library module of the onelern_school project.","","NOTFT_03","0","0","5","0","0"
"This story represents the Library module of the onelern_school project.","","NOTFS_03","0","0","5","0","0"
"This story represents the Publish module of the onelern_school project.","","PUBFT-05","0","0","5","0","0"
"Login functionality of the onelern_school project.","","LOGFS_03","0","0","5","0","0"
"This story represents the Publish module of the onelern_school project.","","PUBFT-01","0","0","5","0","0"
"This story represents the Doubts module of the onelern_school project.","","DOUFT-01","0","0","5","0","0"
"This story represents the Library module of the onelern_school project.","","LIBFT_07","0","0","5","0","0"
"This story represents the Library module of the onelern_school project.","","LIBFS_05","0","0","5","0","0"
"This story represents the Publish module of the onelern_school project.","","TPUBFS_03","0","0","5","0","0"
"This story represents the Library module of the onelern_school project.","","LIBFS_08","0","0","5","0","0"
"This story represents the Library module of the onelern_school project.","","LIBFT_04","0","0","5","0","0"
"This story represents the Library module of the onelern_school project.","","LIBFS_04","0","0","5","0","0"
"This story represents the Doubts module of the onelern_school project.","","DOUFS_04","0","0","4","0","0"
"This story represents the Doubts module of the onelern_school project.","","DOUFS_03","0","0","5","0","0"
"This story represents the Doubts module of the onelern_school project.","","DOUFS_06","5","0","0","0","0"
"Login functionality of the onelern_school project.","","LOGFT_02","0","0","5","0","0"
"This story represents the Doubts module of the onelern_school project.","","DOUFT-04","5","0","0","0","0"
"This story represents the Notebook module of the onelern_school project.","","NOTFS_02","0","0","5","0","0"
"This story represents the Doubts module of the onelern_school project.","","DOU-01","0","0","1","0","0"
"This story represents the Notebook module of the onelern_school project.","","NOTFT_04","0","0","5","0","0"
"This story represents the Publish module of the onelern_school project.","","TPUBFS_01","0","0","5","0","0"
"This story represents the Notebook module of the onelern_school project.","","NOTFT_02","0","0","5","0","0"
"Login functionality of the onelern_school project.","","LOGFS_02","0","0","5","0","0"
"Login functionality of the onelern_school project.","","LOGFS_01","0","0","1","0","0"
