"Status","Start Time","Stop Time","Duration in ms","Parent Suite","Suite","Sub Suite","Test Class","Test Method","Name","Description"
"passed","Wed Aug 24 13:21:12 IST 2022","Wed Aug 24 13:21:43 IST 2022","30626","Suite","Test","Library.SearchCheck","Library.SearchCheck","StudentSearchCheck","StudentSearchCheck","Searched content should be displayed on screen."
"passed","Wed Aug 24 12:00:51 IST 2022","Wed Aug 24 12:01:30 IST 2022","38789","Suite","Test","Publish.PublishViewsandLikes_Student","Publish.PublishViewsandLikes_Student","studentPublishViewsandLikes","studentPublishViewsandLikes","Examine whether or not the student can successfully view and like the published content."
"passed","Wed Aug 24 12:25:07 IST 2022","Wed Aug 24 12:25:26 IST 2022","18764","Suite","Test","Notebook.GradeCheck","Notebook.GradeCheck","CheckTeacherBookGrade","CheckTeacherBookGrade","To see if a teacher of a specific grade has the correct grade book"
"passed","Wed Aug 24 13:47:20 IST 2022","Wed Aug 24 13:47:26 IST 2022","5467","Suite","Test","loginFunctionality.UserSignInFunctionality","loginFunctionality.UserSignInFunctionality","StudentLoginPageIncorrectPassword","StudentLoginPageIncorrectPassword","Examin Student Login with incorrect password details"
"passed","Wed Aug 24 14:04:38 IST 2022","Wed Aug 24 14:05:40 IST 2022","62494","Suite","Test","Publish.PublishNewContentCheck","Publish.PublishNewContentCheck","teacherPublishNewContentCheck","teacherPublishNewContentCheck","Examine whether or not the teacher can successfully publish new content."
"passed","Wed Aug 24 12:29:05 IST 2022","Wed Aug 24 12:30:11 IST 2022","65833","Suite","Test","Notebook.LessonNameVerify","Notebook.LessonNameVerify","StudentLessonNameCheck","StudentLessonNameCheck","Whichever option is selected, the lesson name should be clearly visible."
"passed","Wed Aug 24 13:14:40 IST 2022","Wed Aug 24 13:16:00 IST 2022","80052","Suite","Test","Library.LessonTopicsVerify","Library.LessonTopicsVerify","TeacherLessonTopicCheck","TeacherLessonTopicCheck","Whichever option is selected, the lesson name should be clearly visible."
"passed","Wed Aug 24 11:58:12 IST 2022","Wed Aug 24 11:58:53 IST 2022","40576","Suite","Test","Publish.PublishViewsandLikes_Student","Publish.PublishViewsandLikes_Student","studentPublishViewsandLikes","studentPublishViewsandLikes","Examine whether or not the student can successfully view and like the published content."
"passed","Wed Aug 24 10:53:49 IST 2022","Wed Aug 24 10:54:11 IST 2022","21474","Suite","Test","Attendance.AttendanceLandingPageCheck","Attendance.AttendanceLandingPageCheck","studentLanding","studentLanding","Examine whether or not the student can successfully get inside the Attendance module."
"passed","Wed Aug 24 11:38:27 IST 2022","Wed Aug 24 11:39:07 IST 2022","40716","Suite","Test","Doubts.DoubtsUploadMultimediaCheck","Doubts.DoubtsUploadMultimediaCheck","studentUploadMultimedia","studentUploadMultimedia","Examine whether or not the student can successfully upload multimedia content in his/her doubt."
"passed","Wed Aug 24 12:48:08 IST 2022","Wed Aug 24 12:49:44 IST 2022","96359","Suite","Test","Library.LessonNameVerify","Library.LessonNameVerify","StudentLessonNameCheck","StudentLessonNameCheck","Whichever option is selected, the lesson name should be clearly visible."
"passed","Wed Aug 24 13:47:28 IST 2022","Wed Aug 24 13:47:35 IST 2022","7054","Suite","Test","loginFunctionality.UserSignInFunctionality","loginFunctionality.UserSignInFunctionality","StudentLoginPageIncorrectPassword","StudentLoginPageIncorrectPassword","Examin Student Login with incorrect password details"
"passed","Wed Aug 24 12:01:33 IST 2022","Wed Aug 24 12:02:24 IST 2022","50994","Suite","Test","Publish.PublishPagination","Publish.PublishPagination","studentPublishPagination","studentPublishPagination","Examine whether or not the student can successfully navigate to next pages."
"passed","Wed Aug 24 11:31:09 IST 2022","Wed Aug 24 11:31:55 IST 2022","45762","Suite","Test","Doubts.DoubtsNewDoubtCheck","Doubts.DoubtsNewDoubtCheck","studentAskNewDoubt","studentAskNewDoubt","Examine whether or not the student can successfully ask his/her doubt."
"passed","Wed Aug 24 13:50:16 IST 2022","Wed Aug 24 13:50:16 IST 2022","101","Suite","Test","loginFunctionality.UserSignInFunctionality","loginFunctionality.UserSignInFunctionality","IncorrectTeacherMobileNoCheck","IncorrectTeacherMobileNoCheck","Examin Teacher Login with incorrect mobile number"
"passed","Wed Aug 24 12:49:47 IST 2022","Wed Aug 24 12:51:24 IST 2022","97461","Suite","Test","Library.LessonNameVerify","Library.LessonNameVerify","StudentLessonNameCheck","StudentLessonNameCheck","Whichever option is selected, the lesson name should be clearly visible."
"passed","Wed Aug 24 13:49:16 IST 2022","Wed Aug 24 13:49:22 IST 2022","5934","Suite","Test","loginFunctionality.UserSignInFunctionality","loginFunctionality.UserSignInFunctionality","TeacherLoginPageIncorrectPassword","TeacherLoginPageIncorrectPassword","Examin Teacher Login with incorrect password details"
"passed","Wed Aug 24 11:08:47 IST 2022","Wed Aug 24 11:09:27 IST 2022","40060","Suite","Test","Attendance.AttendanceMarkHolidayCheck","Attendance.AttendanceMarkHolidayCheck","teacherMarkHolidayCheck","teacherMarkHolidayCheck","Examine whether or not the teacher can mark a day as holiday or mark attendance for any particular day."
"passed","Wed Aug 24 12:51:26 IST 2022","Wed Aug 24 12:52:57 IST 2022","90267","Suite","Test","Library.LessonNameVerify","Library.LessonNameVerify","StudentLessonNameCheck","StudentLessonNameCheck","Whichever option is selected, the lesson name should be clearly visible."
"passed","Wed Aug 24 11:29:55 IST 2022","Wed Aug 24 11:30:17 IST 2022","22552","Suite","Test","Doubts.DoubtsViewCountCheck","Doubts.DoubtsViewCountCheck","teacherViewCountCheck","teacherViewCountCheck","Examine whether or not the teacher can successfully view the increase in view count when viewed."
"passed","Wed Aug 24 13:43:49 IST 2022","Wed Aug 24 13:44:45 IST 2022","56820","Suite","Test","Library.AudioCheck","Library.AudioCheck","teacherVideocheck","teacherVideocheck","Examine whether or not the audio can successfully played properly."
"passed","Wed Aug 24 11:34:20 IST 2022","Wed Aug 24 11:35:06 IST 2022","45675","Suite","Test","Doubts.DoubtsNewDoubtCheck","Doubts.DoubtsNewDoubtCheck","studentAskNewDoubt","studentAskNewDoubt","Examine whether or not the student can successfully ask his/her doubt."
"passed","Wed Aug 24 13:47:11 IST 2022","Wed Aug 24 13:47:18 IST 2022","7066","Suite","Test","loginFunctionality.UserSignInFunctionality","loginFunctionality.UserSignInFunctionality","StudentLoginPageIncorrectPassword","StudentLoginPageIncorrectPassword","Examin Student Login with incorrect password details"
"passed","Wed Aug 24 12:22:07 IST 2022","Wed Aug 24 12:22:28 IST 2022","21437","Suite","Test","Notebook.GradeCheck","Notebook.GradeCheck","CheckStudentBookGrade","CheckStudentBookGrade","To see if a student in a specific grade has the correct grade book"
"passed","Wed Aug 24 12:30:15 IST 2022","Wed Aug 24 12:31:21 IST 2022","65889","Suite","Test","Notebook.LessonNameVerify","Notebook.LessonNameVerify","StudentLessonNameCheck","StudentLessonNameCheck","Whichever option is selected, the lesson name should be clearly visible."
"broken","Wed Aug 24 11:39:09 IST 2022","Wed Aug 24 11:40:07 IST 2022","57139","Suite","Test","Doubts.DoubtsUploadMultimediaCheck","Doubts.DoubtsUploadMultimediaCheck","studentUploadMultimedia","studentUploadMultimedia","Examine whether or not the student can successfully upload multimedia content in his/her doubt."
"passed","Wed Aug 24 11:10:09 IST 2022","Wed Aug 24 11:10:50 IST 2022","41624","Suite","Test","Attendance.AttendancePercentageCheck","Attendance.AttendancePercentageCheck","studentPercentageCheck","studentPercentageCheck","Examine whether or not the student can successfully the attendance percentage calculated monthly."
"passed","Wed Aug 24 13:13:16 IST 2022","Wed Aug 24 13:14:38 IST 2022","82188","Suite","Test","Library.LessonTopicsVerify","Library.LessonTopicsVerify","TeacherLessonTopicCheck","TeacherLessonTopicCheck","Whichever option is selected, the lesson name should be clearly visible."
"broken","Wed Aug 24 13:53:27 IST 2022","Wed Aug 24 13:54:19 IST 2022","51227","Suite","Test","Library.WorkbookNameVerify","Library.WorkbookNameVerify","StudentWorkbookCheck","StudentWorkbookCheck","To check if the student workbook name is the same as that mentioned in the library image"
"passed","Wed Aug 24 10:53:25 IST 2022","Wed Aug 24 10:53:47 IST 2022","21499","Suite","Test","Attendance.AttendanceLandingPageCheck","Attendance.AttendanceLandingPageCheck","studentLanding","studentLanding","Examine whether or not the student can successfully get inside the Attendance module."
"passed","Wed Aug 24 13:31:30 IST 2022","Wed Aug 24 13:32:34 IST 2022","63862","Suite","Test","Library.VideoCheck","Library.VideoCheck","teacherVideocheck","teacherVideocheck","Examine whether or not the video can successfully played properly."
"passed","Wed Aug 24 14:18:48 IST 2022","Wed Aug 24 14:20:54 IST 2022","126158","Suite","Test","Notebook.viewHighlightsNotesBookmarks","Notebook.viewHighlightsNotesBookmarks","CheckStudentHighlightsNotesBookmarks","CheckStudentHighlightsNotesBookmarks","To see if a student can view highlights, notes and bookmarks from library in Notebook"
"passed","Wed Aug 24 11:08:05 IST 2022","Wed Aug 24 11:08:45 IST 2022","40012","Suite","Test","Attendance.AttendanceMarkHolidayCheck","Attendance.AttendanceMarkHolidayCheck","teacherMarkHolidayCheck","teacherMarkHolidayCheck","Examine whether or not the teacher can mark a day as holiday or mark attendance for any particular day."
"passed","Wed Aug 24 13:48:45 IST 2022","Wed Aug 24 13:48:58 IST 2022","12321","Suite","Test","loginFunctionality.UserSignInFunctionality","loginFunctionality.UserSignInFunctionality","TeacherLoginPageCorrectCredentials","TeacherLoginPageCorrectCredentials","Examin Teachers Login with correct details"
"passed","Wed Aug 24 11:51:25 IST 2022","Wed Aug 24 11:51:47 IST 2022","22651","Suite","Test","Publish.PublishLandingPage","Publish.PublishLandingPage","studentLanding","studentLanding","Examine whether or not the student can successfully get inside the publish module."
"passed","Wed Aug 24 13:23:36 IST 2022","Wed Aug 24 13:24:11 IST 2022","35251","Suite","Test","Library.SearchCheck","Library.SearchCheck","TeacherSearchCheck","TeacherSearchCheck","Searched content should be displayed on screen."
"passed","Wed Aug 24 14:08:48 IST 2022","Wed Aug 24 14:09:12 IST 2022","23560","Suite","Test","Publish.PublishNewContentCheck","Publish.PublishNewContentCheck","studentPublishNewContentCheck","studentPublishNewContentCheck","Examine whether or not the student can successfully view the published content published by teacher."
"passed","Wed Aug 24 13:37:54 IST 2022","Wed Aug 24 13:38:51 IST 2022","56845","Suite","Test","Library.AudioCheck","Library.AudioCheck","StudentAudioCheck","StudentAudioCheck","To check if the audio player is displayed or not."
"passed","Wed Aug 24 13:29:31 IST 2022","Wed Aug 24 13:30:32 IST 2022","61230","Suite","Test","Library.VideoCheck","Library.VideoCheck","studentVideocheck","studentVideocheck","Examine whether or not the video can successfully played properly."
"passed","Wed Aug 24 13:40:51 IST 2022","Wed Aug 24 13:41:48 IST 2022","56780","Suite","Test","Library.AudioCheck","Library.AudioCheck","teacherVideocheck","teacherVideocheck","Examine whether or not the audio can successfully played properly."
"passed","Wed Aug 24 12:57:56 IST 2022","Wed Aug 24 12:59:34 IST 2022","97219","Suite","Test","Library.LessonNameVerify","Library.LessonNameVerify","TeacherLessonNameCheck","TeacherLessonNameCheck","Whichever option is selected, the lesson name should be clearly visible."
"failed","Wed Aug 24 14:16:38 IST 2022","Wed Aug 24 14:18:45 IST 2022","126881","Suite","Test","Notebook.viewHighlightsNotesBookmarks","Notebook.viewHighlightsNotesBookmarks","CheckStudentHighlightsNotesBookmarks","CheckStudentHighlightsNotesBookmarks","To see if a student can view highlights, notes and bookmarks from library in Notebook"
"passed","Wed Aug 24 13:16:02 IST 2022","Wed Aug 24 13:17:29 IST 2022","86213","Suite","Test","Library.LessonTopicsVerify","Library.LessonTopicsVerify","TeacherLessonTopicCheck","TeacherLessonTopicCheck","Whichever option is selected, the lesson name should be clearly visible."
"passed","Wed Aug 24 11:22:17 IST 2022","Wed Aug 24 11:22:45 IST 2022","28478","Suite","Test","Doubts.DoubtsLandingPageCheck","Doubts.DoubtsLandingPageCheck","teacherLanding","teacherLanding","Examine whether or not the teacher can successfully get inside the Doubts module."
"broken","Wed Aug 24 11:40:51 IST 2022","Wed Aug 24 11:41:46 IST 2022","54671","Suite","Test","Doubts.DoubtsFilterFunctionality","Doubts.DoubtsFilterFunctionality","studentFilterFunctionalityCheck","studentFilterFunctionalityCheck","Examine whether or not the student can successfully filter the content by applying specific filters."
"passed","Wed Aug 24 12:37:06 IST 2022","Wed Aug 24 12:37:36 IST 2022","30489","Suite","Test","Library.LibLandingPageCheck","Library.LibLandingPageCheck","studentLanding","studentLanding","Examine whether or not the student can successfully get inside the library module."
"passed","Wed Aug 24 14:09:40 IST 2022","Wed Aug 24 14:10:02 IST 2022","22611","Suite","Test","Publish.PublishNewContentCheck","Publish.PublishNewContentCheck","studentPublishNewContentCheck","studentPublishNewContentCheck","Examine whether or not the student can successfully view the published content published by teacher."
"passed","Wed Aug 24 12:45:37 IST 2022","Wed Aug 24 12:45:59 IST 2022","21500","Suite","Test","Library.GradeCheck","Library.GradeCheck","CheckTeacherBookGrade","CheckTeacherBookGrade","To see if a teacher of a specific grade has the correct grade book"
"passed","Wed Aug 24 12:25:49 IST 2022","Wed Aug 24 12:26:50 IST 2022","60975","Suite","Test","Notebook.LessonNameVerify","Notebook.LessonNameVerify","StudentLessonNameCheck","StudentLessonNameCheck","Whichever option is selected, the lesson name should be clearly visible."
"passed","Wed Aug 24 10:54:13 IST 2022","Wed Aug 24 10:54:34 IST 2022","21477","Suite","Test","Attendance.AttendanceLandingPageCheck","Attendance.AttendanceLandingPageCheck","studentLanding","studentLanding","Examine whether or not the student can successfully get inside the Attendance module."
"passed","Wed Aug 24 11:56:00 IST 2022","Wed Aug 24 11:56:31 IST 2022","30407","Suite","Test","Publish.PublishNewContentButtonCheck_Teacher","Publish.PublishNewContentButtonCheck_Teacher","teacherPublishNewContentBtnCheck","teacherPublishNewContentBtnCheck","Examine whether or not the teacher can successfully get inside the Publish module."
"passed","Wed Aug 24 12:16:52 IST 2022","Wed Aug 24 12:18:19 IST 2022","86980","Suite","Test","Publish.PublishSubjectLessonCategoryFilters_Teacher","Publish.PublishSubjectLessonCategoryFilters_Teacher","teacherBookFilter","teacherBookFilter","Examine whether or not the teacher can successfully filter the content according to book."
"passed","Wed Aug 24 12:43:12 IST 2022","Wed Aug 24 12:43:42 IST 2022","30494","Suite","Test","Library.GradeCheck","Library.GradeCheck","CheckStudentBookGrade","CheckStudentBookGrade","To see if a student in a specific grade has the correct grade book"
"passed","Wed Aug 24 14:10:05 IST 2022","Wed Aug 24 14:12:14 IST 2022","128666","Suite","Test","Notebook.viewHighlightsNotesBookmarks","Notebook.viewHighlightsNotesBookmarks","CheckStudentHighlightsNotesBookmarks","CheckStudentHighlightsNotesBookmarks","To see if a student can view highlights, notes and bookmarks from library in Notebook"
"passed","Wed Aug 24 11:13:50 IST 2022","Wed Aug 24 11:14:12 IST 2022","21634","Suite","Test","Attendance.AttendancePaginationCheck","Attendance.AttendancePaginationCheck","studentPaginationCheck","studentPaginationCheck","Examine whether or not the student can navigate to next pages through pagination."
"passed","Wed Aug 24 11:14:14 IST 2022","Wed Aug 24 11:14:35 IST 2022","21660","Suite","Test","Attendance.AttendancePaginationCheck","Attendance.AttendancePaginationCheck","studentPaginationCheck","studentPaginationCheck","Examine whether or not the student can navigate to next pages through pagination."
"passed","Wed Aug 24 14:28:15 IST 2022","Wed Aug 24 14:30:37 IST 2022","141726","Suite","Test","Notebook.viewHighlightsNotesBookmarks","Notebook.viewHighlightsNotesBookmarks","CheckTeacherHighlightsNotesBookmarks","CheckTeacherHighlightsNotesBookmarks","To see if a teacher can view highlights, notes and bookmarks from library in Notebook"
"passed","Wed Aug 24 11:32:44 IST 2022","Wed Aug 24 11:33:30 IST 2022","45749","Suite","Test","Doubts.DoubtsNewDoubtCheck","Doubts.DoubtsNewDoubtCheck","studentAskNewDoubt","studentAskNewDoubt","Examine whether or not the student can successfully ask his/her doubt."
"failed","Wed Aug 24 13:32:36 IST 2022","Wed Aug 24 13:33:44 IST 2022","67579","Suite","Test","Library.VideoCheck","Library.VideoCheck","teacherVideocheck","teacherVideocheck","Examine whether or not the video can successfully played properly."
"passed","Wed Aug 24 11:59:33 IST 2022","Wed Aug 24 12:00:10 IST 2022","36726","Suite","Test","Publish.PublishViewsandLikes_Student","Publish.PublishViewsandLikes_Student","studentPublishViewsandLikes","studentPublishViewsandLikes","Examine whether or not the student can successfully view and like the published content."
"passed","Wed Aug 24 13:50:12 IST 2022","Wed Aug 24 13:50:14 IST 2022","1204","Suite","Test","loginFunctionality.UserSignInFunctionality","loginFunctionality.UserSignInFunctionality","IncorrectTeacherMobileNoCheck","IncorrectTeacherMobileNoCheck","Examin Teacher Login with incorrect mobile number"
"passed","Wed Aug 24 14:06:51 IST 2022","Wed Aug 24 14:07:54 IST 2022","62398","Suite","Test","Publish.PublishNewContentCheck","Publish.PublishNewContentCheck","teacherPublishNewContentCheck","teacherPublishNewContentCheck","Examine whether or not the teacher can successfully publish new content."
"passed","Wed Aug 24 12:42:07 IST 2022","Wed Aug 24 12:42:37 IST 2022","30456","Suite","Test","Library.GradeCheck","Library.GradeCheck","CheckStudentBookGrade","CheckStudentBookGrade","To see if a student in a specific grade has the correct grade book"
"passed","Wed Aug 24 14:03:31 IST 2022","Wed Aug 24 14:04:33 IST 2022","62318","Suite","Test","Publish.PublishNewContentCheck","Publish.PublishNewContentCheck","teacherPublishNewContentCheck","teacherPublishNewContentCheck","Examine whether or not the teacher can successfully publish new content."
"failed","Wed Aug 24 11:44:04 IST 2022","Wed Aug 24 11:44:41 IST 2022","37072","Suite","Test","Doubts.DoubtsFilterFunctionality","Doubts.DoubtsFilterFunctionality","studentFilterFunctionalityCheck","studentFilterFunctionalityCheck","Examine whether or not the student can successfully filter the content by applying specific filters."
"passed","Wed Aug 24 14:14:27 IST 2022","Wed Aug 24 14:16:34 IST 2022","126260","Suite","Test","Notebook.viewHighlightsNotesBookmarks","Notebook.viewHighlightsNotesBookmarks","CheckStudentHighlightsNotesBookmarks","CheckStudentHighlightsNotesBookmarks","To see if a student can view highlights, notes and bookmarks from library in Notebook"
"passed","Wed Aug 24 10:52:38 IST 2022","Wed Aug 24 10:53:00 IST 2022","21493","Suite","Test","Attendance.AttendanceLandingPageCheck","Attendance.AttendanceLandingPageCheck","studentLanding","studentLanding","Examine whether or not the student can successfully get inside the Attendance module."
"passed","Wed Aug 24 13:11:45 IST 2022","Wed Aug 24 13:13:12 IST 2022","86395","Suite","Test","Library.LessonTopicsVerify","Library.LessonTopicsVerify","TeacherLessonTopicCheck","TeacherLessonTopicCheck","Whichever option is selected, the lesson name should be clearly visible."
"passed","Wed Aug 24 11:06:41 IST 2022","Wed Aug 24 11:07:21 IST 2022","39988","Suite","Test","Attendance.AttendanceMarkHolidayCheck","Attendance.AttendanceMarkHolidayCheck","teacherMarkHolidayCheck","teacherMarkHolidayCheck","Examine whether or not the teacher can mark a day as holiday or mark attendance for any particular day."
"passed","Wed Aug 24 11:49:19 IST 2022","Wed Aug 24 11:51:23 IST 2022","123242","Suite","Test","Doubts.TeacherDoubtReplyCheck","Doubts.TeacherDoubtReplyCheck","DoubtreplyCheck","DoubtreplyCheck","Examine whether or not the teacher can successfully reply to the doubt posted by the student. And also to check whether student can view reply to the doubt"
"passed","Wed Aug 24 12:12:24 IST 2022","Wed Aug 24 12:13:51 IST 2022","86931","Suite","Test","Publish.PublishSubjectLessonCategoryFilters_Teacher","Publish.PublishSubjectLessonCategoryFilters_Teacher","teacherBookFilter","teacherBookFilter","Examine whether or not the teacher can successfully filter the content according to book."
"passed","Wed Aug 24 11:17:43 IST 2022","Wed Aug 24 11:18:13 IST 2022","30486","Suite","Test","Doubts.DoubtsLandingPageCheck","Doubts.DoubtsLandingPageCheck","studentLanding","studentLanding","Examine whether or not the student can successfully get inside the Doubts module."
"passed","Wed Aug 24 11:52:15 IST 2022","Wed Aug 24 11:52:37 IST 2022","22292","Suite","Test","Publish.PublishLandingPage","Publish.PublishLandingPage","studentLanding","studentLanding","Examine whether or not the student can successfully get inside the publish module."
"passed","Wed Aug 24 12:23:17 IST 2022","Wed Aug 24 12:23:39 IST 2022","21449","Suite","Test","Notebook.GradeCheck","Notebook.GradeCheck","CheckStudentBookGrade","CheckStudentBookGrade","To see if a student in a specific grade has the correct grade book"
"passed","Wed Aug 24 13:10:15 IST 2022","Wed Aug 24 13:11:42 IST 2022","86338","Suite","Test","Library.LessonTopicsVerify","Library.LessonTopicsVerify","StudentLessonTopicCheck","StudentLessonTopicCheck","Whichever option is selected, the lesson name should be clearly visible."
"passed","Wed Aug 24 11:23:20 IST 2022","Wed Aug 24 11:23:48 IST 2022","27972","Suite","Test","Doubts.DoubtsAskaDoubt_Student","Doubts.DoubtsAskaDoubt_Student","studentAskADoubt","studentAskADoubt","Examine whether or not the student can successfully open page for asking doubt."
"passed","Wed Aug 24 12:56:18 IST 2022","Wed Aug 24 12:57:54 IST 2022","96368","Suite","Test","Library.LessonNameVerify","Library.LessonNameVerify","TeacherLessonNameCheck","TeacherLessonNameCheck","Whichever option is selected, the lesson name should be clearly visible."
"passed","Wed Aug 24 12:05:59 IST 2022","Wed Aug 24 12:06:36 IST 2022","36467","Suite","Test","Publish.PublishPagination","Publish.PublishPagination","teacherPublishPagination","teacherPublishPagination","Examine whether or not the teacher can successfully navigate to next pages."
"passed","Wed Aug 24 10:58:55 IST 2022","Wed Aug 24 11:00:17 IST 2022","81849","Suite","Test","Attendance.AttendancePresentAbsentLeaveHoliday","Attendance.AttendancePresentAbsentLeaveHoliday","studentPALHCountCheck","studentPALHCountCheck","Examine whether or not the student can view the count of present, absent, leave, and holiday correctly."
"passed","Wed Aug 24 13:24:14 IST 2022","Wed Aug 24 13:24:50 IST 2022","35388","Suite","Test","Library.SearchCheck","Library.SearchCheck","TeacherSearchCheck","TeacherSearchCheck","Searched content should be displayed on screen."
"passed","Wed Aug 24 12:02:58 IST 2022","Wed Aug 24 12:03:29 IST 2022","30375","Suite","Test","Publish.PublishPagination","Publish.PublishPagination","studentPublishPagination","studentPublishPagination","Examine whether or not the student can successfully navigate to next pages."
"passed","Wed Aug 24 12:46:24 IST 2022","Wed Aug 24 12:46:46 IST 2022","21481","Suite","Test","Library.GradeCheck","Library.GradeCheck","CheckTeacherBookGrade","CheckTeacherBookGrade","To see if a teacher of a specific grade has the correct grade book"
"passed","Wed Aug 24 11:16:06 IST 2022","Wed Aug 24 11:16:36 IST 2022","30359","Suite","Test","Attendance.AttendancePaginationCheck","Attendance.AttendancePaginationCheck","teacherPaginationCheck","teacherPaginationCheck","Examine whether or not the teacher can navigate to next pages through pagination."
"passed","Wed Aug 24 11:35:53 IST 2022","Wed Aug 24 11:36:14 IST 2022","20816","Suite","Test","Doubts.DoubtsNewDoubtCheck","Doubts.DoubtsNewDoubtCheck","teacherViewNewDoubt","teacherViewNewDoubt","Examine whether or not the teacher can successfully view the doubt asked by the students."
"passed","Wed Aug 24 12:28:03 IST 2022","Wed Aug 24 12:29:02 IST 2022","59893","Suite","Test","Notebook.LessonNameVerify","Notebook.LessonNameVerify","StudentLessonNameCheck","StudentLessonNameCheck","Whichever option is selected, the lesson name should be clearly visible."
"passed","Wed Aug 24 12:42:40 IST 2022","Wed Aug 24 12:43:10 IST 2022","30436","Suite","Test","Library.GradeCheck","Library.GradeCheck","CheckStudentBookGrade","CheckStudentBookGrade","To see if a student in a specific grade has the correct grade book"
"passed","Wed Aug 24 11:21:16 IST 2022","Wed Aug 24 11:21:45 IST 2022","28318","Suite","Test","Doubts.DoubtsLandingPageCheck","Doubts.DoubtsLandingPageCheck","teacherLanding","teacherLanding","Examine whether or not the teacher can successfully get inside the Doubts module."
"passed","Wed Aug 24 12:21:24 IST 2022","Wed Aug 24 12:21:43 IST 2022","19385","Suite","Test","Notebook.NotebookLandingPageCheck","Notebook.NotebookLandingPageCheck","teacherLanding","teacherLanding","Examine whether or not the teacher can successfully get inside the Notebook module."
"passed","Wed Aug 24 12:20:41 IST 2022","Wed Aug 24 12:21:01 IST 2022","19446","Suite","Test","Notebook.NotebookLandingPageCheck","Notebook.NotebookLandingPageCheck","teacherLanding","teacherLanding","Examine whether or not the teacher can successfully get inside the Notebook module."
"failed","Wed Aug 24 11:46:44 IST 2022","Wed Aug 24 11:47:33 IST 2022","49860","Suite","Test","Doubts.DoubtsFilterFunctionality","Doubts.DoubtsFilterFunctionality","teacherFilterFunctionalityCheck","teacherFilterFunctionalityCheck","Examine whether or not the teacher can successfully filter the content by applying specific filters."
"passed","Wed Aug 24 10:55:40 IST 2022","Wed Aug 24 10:56:00 IST 2022","19415","Suite","Test","Attendance.AttendanceLandingPageCheck","Attendance.AttendanceLandingPageCheck","teacherLanding","teacherLanding","Examine whether or not the teacher can successfully get inside the Attendance module."
"passed","Wed Aug 24 14:30:41 IST 2022","Wed Aug 24 14:33:03 IST 2022","141701","Suite","Test","Notebook.viewHighlightsNotesBookmarks","Notebook.viewHighlightsNotesBookmarks","CheckTeacherHighlightsNotesBookmarks","CheckTeacherHighlightsNotesBookmarks","To see if a teacher can view highlights, notes and bookmarks from library in Notebook"
"passed","Wed Aug 24 13:49:24 IST 2022","Wed Aug 24 13:49:30 IST 2022","5403","Suite","Test","loginFunctionality.UserSignInFunctionality","loginFunctionality.UserSignInFunctionality","TeacherLoginPageIncorrectPassword","TeacherLoginPageIncorrectPassword","Examin Teacher Login with incorrect password details"
"passed","Wed Aug 24 12:05:29 IST 2022","Wed Aug 24 12:05:57 IST 2022","28470","Suite","Test","Publish.PublishPagination","Publish.PublishPagination","teacherPublishPagination","teacherPublishPagination","Examine whether or not the teacher can successfully navigate to next pages."
"passed","Wed Aug 24 12:40:45 IST 2022","Wed Aug 24 12:41:10 IST 2022","25395","Suite","Test","Library.LibLandingPageCheck","Library.LibLandingPageCheck","teacherLanding","teacherLanding","Examine whether or not the teacher can successfully get inside the library module."
"passed","Wed Aug 24 13:49:59 IST 2022","Wed Aug 24 13:50:10 IST 2022","10557","Suite","Test","loginFunctionality.UserSignInFunctionality","loginFunctionality.UserSignInFunctionality","TeacherLoginPageIncorrectPassword","TeacherLoginPageIncorrectPassword","Examin Teacher Login with incorrect password details"
"passed","Wed Aug 24 11:18:47 IST 2022","Wed Aug 24 11:19:18 IST 2022","30520","Suite","Test","Doubts.DoubtsLandingPageCheck","Doubts.DoubtsLandingPageCheck","studentLanding","studentLanding","Examine whether or not the student can successfully get inside the Doubts module."
"passed","Wed Aug 24 13:47:52 IST 2022","Wed Aug 24 13:47:53 IST 2022","1205","Suite","Test","loginFunctionality.UserSignInFunctionality","loginFunctionality.UserSignInFunctionality","IncorrectStudentMobileNoCheck","IncorrectStudentMobileNoCheck","Examin Student Login with incorrect mobile number"
"passed","Wed Aug 24 14:12:17 IST 2022","Wed Aug 24 14:14:23 IST 2022","126258","Suite","Test","Notebook.viewHighlightsNotesBookmarks","Notebook.viewHighlightsNotesBookmarks","CheckStudentHighlightsNotesBookmarks","CheckStudentHighlightsNotesBookmarks","To see if a student can view highlights, notes and bookmarks from library in Notebook"
"passed","Wed Aug 24 13:07:24 IST 2022","Wed Aug 24 13:08:44 IST 2022","80491","Suite","Test","Library.LessonTopicsVerify","Library.LessonTopicsVerify","StudentLessonTopicCheck","StudentLessonTopicCheck","Whichever option is selected, the lesson name should be clearly visible."
"passed","Wed Aug 24 13:24:52 IST 2022","Wed Aug 24 13:25:42 IST 2022","50530","Suite","Test","Library.VideoCheck","Library.VideoCheck","studentVideocheck","studentVideocheck","Examine whether or not the video can successfully played properly."
"passed","Wed Aug 24 13:50:21 IST 2022","Wed Aug 24 13:50:22 IST 2022","1213","Suite","Test","loginFunctionality.UserSignInFunctionality","loginFunctionality.UserSignInFunctionality","IncorrectTeacherMobileNoCheck","IncorrectTeacherMobileNoCheck","Examin Teacher Login with incorrect mobile number"
"passed","Wed Aug 24 13:22:22 IST 2022","Wed Aug 24 13:22:56 IST 2022","34678","Suite","Test","Library.SearchCheck","Library.SearchCheck","TeacherSearchCheck","TeacherSearchCheck","Searched content should be displayed on screen."
"passed","Wed Aug 24 12:18:46 IST 2022","Wed Aug 24 12:19:08 IST 2022","21501","Suite","Test","Notebook.NotebookLandingPageCheck","Notebook.NotebookLandingPageCheck","studentLanding","studentLanding","Examine whether or not the student can successfully get inside the notebook module."
"passed","Wed Aug 24 12:00:12 IST 2022","Wed Aug 24 12:00:49 IST 2022","36830","Suite","Test","Publish.PublishViewsandLikes_Student","Publish.PublishViewsandLikes_Student","studentPublishViewsandLikes","studentPublishViewsandLikes","Examine whether or not the student can successfully view and like the published content."
"passed","Wed Aug 24 13:48:00 IST 2022","Wed Aug 24 13:48:00 IST 2022","154","Suite","Test","loginFunctionality.UserSignInFunctionality","loginFunctionality.UserSignInFunctionality","IncorrectStudentMobileNoCheck","IncorrectStudentMobileNoCheck","Examin Student Login with incorrect mobile number"
"passed","Wed Aug 24 11:57:07 IST 2022","Wed Aug 24 11:57:38 IST 2022","30842","Suite","Test","Publish.PublishNewContentButtonCheck_Teacher","Publish.PublishNewContentButtonCheck_Teacher","teacherPublishNewContentBtnCheck","teacherPublishNewContentBtnCheck","Examine whether or not the teacher can successfully get inside the Publish module."
"passed","Wed Aug 24 12:53:00 IST 2022","Wed Aug 24 12:54:37 IST 2022","96388","Suite","Test","Library.LessonNameVerify","Library.LessonNameVerify","StudentLessonNameCheck","StudentLessonNameCheck","Whichever option is selected, the lesson name should be clearly visible."
"broken","Wed Aug 24 11:09:29 IST 2022","Wed Aug 24 11:10:07 IST 2022","37690","Suite","Test","Attendance.AttendancePercentageCheck","Attendance.AttendancePercentageCheck","studentPercentageCheck","studentPercentageCheck","Examine whether or not the student can successfully the attendance percentage calculated monthly."
"passed","Wed Aug 24 14:02:23 IST 2022","Wed Aug 24 14:03:27 IST 2022","64156","Suite","Test","Publish.PublishNewContentCheck","Publish.PublishNewContentCheck","teacherPublishNewContentCheck","teacherPublishNewContentCheck","Examine whether or not the teacher can successfully publish new content."
"passed","Wed Aug 24 13:05:59 IST 2022","Wed Aug 24 13:07:21 IST 2022","82269","Suite","Test","Library.LessonTopicsVerify","Library.LessonTopicsVerify","StudentLessonTopicCheck","StudentLessonTopicCheck","Whichever option is selected, the lesson name should be clearly visible."
"passed","Wed Aug 24 11:03:08 IST 2022","Wed Aug 24 11:03:40 IST 2022","32113","Suite","Test","Attendance.AttendancePresentAbsentLeaveHoliday","Attendance.AttendancePresentAbsentLeaveHoliday","teacherPALCountCheck","teacherPALCountCheck","Examine whether or not the teacher can view the count of present, absent, and leave correctly."
"passed","Wed Aug 24 12:18:23 IST 2022","Wed Aug 24 12:18:44 IST 2022","21444","Suite","Test","Notebook.NotebookLandingPageCheck","Notebook.NotebookLandingPageCheck","studentLanding","studentLanding","Examine whether or not the student can successfully get inside the notebook module."
"passed","Wed Aug 24 12:22:53 IST 2022","Wed Aug 24 12:23:15 IST 2022","21466","Suite","Test","Notebook.GradeCheck","Notebook.GradeCheck","CheckStudentBookGrade","CheckStudentBookGrade","To see if a student in a specific grade has the correct grade book"
"passed","Wed Aug 24 13:47:50 IST 2022","Wed Aug 24 13:47:50 IST 2022","122","Suite","Test","loginFunctionality.UserSignInFunctionality","loginFunctionality.UserSignInFunctionality","IncorrectStudentMobileNoCheck","IncorrectStudentMobileNoCheck","Examin Student Login with incorrect mobile number"
"passed","Wed Aug 24 13:17:31 IST 2022","Wed Aug 24 13:18:57 IST 2022","86344","Suite","Test","Library.LessonTopicsVerify","Library.LessonTopicsVerify","TeacherLessonTopicCheck","TeacherLessonTopicCheck","Whichever option is selected, the lesson name should be clearly visible."
"passed","Wed Aug 24 12:09:37 IST 2022","Wed Aug 24 12:10:14 IST 2022","37050","Suite","Test","Publish.PublishTeacherCategoryFilters_Student","Publish.PublishTeacherCategoryFilters_Student","studentPublishTeacherFilter","studentPublishTeacherFilter","Examine whether or not the student can successfully filter content according to Teacher."
"passed","Wed Aug 24 11:56:33 IST 2022","Wed Aug 24 11:57:05 IST 2022","32210","Suite","Test","Publish.PublishNewContentButtonCheck_Teacher","Publish.PublishNewContentButtonCheck_Teacher","teacherPublishNewContentBtnCheck","teacherPublishNewContentBtnCheck","Examine whether or not the teacher can successfully get inside the Publish module."
"broken","Wed Aug 24 11:24:41 IST 2022","Wed Aug 24 11:25:30 IST 2022","49008","Suite","Test","Doubts.DoubtsAskaDoubt_Student","Doubts.DoubtsAskaDoubt_Student","studentAskADoubt","studentAskADoubt","Examine whether or not the student can successfully open page for asking doubt."
"passed","Wed Aug 24 13:49:46 IST 2022","Wed Aug 24 13:49:57 IST 2022","10543","Suite","Test","loginFunctionality.UserSignInFunctionality","loginFunctionality.UserSignInFunctionality","TeacherLoginPageIncorrectPassword","TeacherLoginPageIncorrectPassword","Examin Teacher Login with incorrect password details"
"passed","Wed Aug 24 11:07:23 IST 2022","Wed Aug 24 11:08:03 IST 2022","39987","Suite","Test","Attendance.AttendanceMarkHolidayCheck","Attendance.AttendanceMarkHolidayCheck","teacherMarkHolidayCheck","teacherMarkHolidayCheck","Examine whether or not the teacher can mark a day as holiday or mark attendance for any particular day."
"passed","Wed Aug 24 13:55:47 IST 2022","Wed Aug 24 13:56:27 IST 2022","40585","Suite","Test","Library.WorkbookNameVerify","Library.WorkbookNameVerify","StudentWorkbookCheck","StudentWorkbookCheck","To check if the student workbook name is the same as that mentioned in the library image"
"passed","Wed Aug 24 13:46:50 IST 2022","Wed Aug 24 13:47:02 IST 2022","12313","Suite","Test","loginFunctionality.UserSignInFunctionality","loginFunctionality.UserSignInFunctionality","StudentLoginPageCorrectCredentials","StudentLoginPageCorrectCredentials","Examin Student Login with correct details"
"passed","Wed Aug 24 11:11:36 IST 2022","Wed Aug 24 11:12:17 IST 2022","41569","Suite","Test","Attendance.AttendancePercentageCheck","Attendance.AttendancePercentageCheck","studentPercentageCheck","studentPercentageCheck","Examine whether or not the student can successfully the attendance percentage calculated monthly."
"passed","Wed Aug 24 13:50:25 IST 2022","Wed Aug 24 13:50:25 IST 2022","107","Suite","Test","loginFunctionality.UserSignInFunctionality","loginFunctionality.UserSignInFunctionality","IncorrectTeacherMobileNoCheck","IncorrectTeacherMobileNoCheck","Examin Teacher Login with incorrect mobile number"
"passed","Wed Aug 24 10:56:23 IST 2022","Wed Aug 24 10:57:26 IST 2022","62503","Suite","Test","Attendance.AttendancePresentAbsentLeaveHoliday","Attendance.AttendancePresentAbsentLeaveHoliday","studentPALHCountCheck","studentPALHCountCheck","Examine whether or not the student can view the count of present, absent, leave, and holiday correctly."
"passed","Wed Aug 24 13:38:53 IST 2022","Wed Aug 24 13:39:50 IST 2022","56800","Suite","Test","Library.AudioCheck","Library.AudioCheck","StudentAudioCheck","StudentAudioCheck","To check if the audio player is displayed or not."
"passed","Wed Aug 24 13:50:18 IST 2022","Wed Aug 24 13:50:19 IST 2022","1247","Suite","Test","loginFunctionality.UserSignInFunctionality","loginFunctionality.UserSignInFunctionality","IncorrectTeacherMobileNoCheck","IncorrectTeacherMobileNoCheck","Examin Teacher Login with incorrect mobile number"
"passed","Wed Aug 24 11:36:38 IST 2022","Wed Aug 24 11:36:58 IST 2022","20401","Suite","Test","Doubts.DoubtsNewDoubtCheck","Doubts.DoubtsNewDoubtCheck","teacherViewNewDoubt","teacherViewNewDoubt","Examine whether or not the teacher can successfully view the doubt asked by the students."
"passed","Wed Aug 24 11:29:30 IST 2022","Wed Aug 24 11:29:53 IST 2022","22420","Suite","Test","Doubts.DoubtsViewCountCheck","Doubts.DoubtsViewCountCheck","teacherViewCountCheck","teacherViewCountCheck","Examine whether or not the teacher can successfully view the increase in view count when viewed."
"passed","Wed Aug 24 12:15:23 IST 2022","Wed Aug 24 12:16:50 IST 2022","86839","Suite","Test","Publish.PublishSubjectLessonCategoryFilters_Teacher","Publish.PublishSubjectLessonCategoryFilters_Teacher","teacherBookFilter","teacherBookFilter","Examine whether or not the teacher can successfully filter the content according to book."
"passed","Wed Aug 24 12:24:04 IST 2022","Wed Aug 24 12:24:23 IST 2022","18698","Suite","Test","Notebook.GradeCheck","Notebook.GradeCheck","CheckTeacherBookGrade","CheckTeacherBookGrade","To see if a teacher of a specific grade has the correct grade book"
"passed","Wed Aug 24 12:07:40 IST 2022","Wed Aug 24 12:08:17 IST 2022","37063","Suite","Test","Publish.PublishTeacherCategoryFilters_Student","Publish.PublishTeacherCategoryFilters_Student","studentPublishTeacherFilter","studentPublishTeacherFilter","Examine whether or not the student can successfully filter content according to Teacher."
"passed","Wed Aug 24 13:04:29 IST 2022","Wed Aug 24 13:05:55 IST 2022","86186","Suite","Test","Library.LessonTopicsVerify","Library.LessonTopicsVerify","StudentLessonTopicCheck","StudentLessonTopicCheck","Whichever option is selected, the lesson name should be clearly visible."
"passed","Wed Aug 24 13:45:52 IST 2022","Wed Aug 24 13:46:04 IST 2022","12392","Suite","Test","loginFunctionality.UserSignInFunctionality","loginFunctionality.UserSignInFunctionality","StudentLoginPageCorrectCredentials","StudentLoginPageCorrectCredentials","Examin Student Login with correct details"
"passed","Wed Aug 24 13:28:26 IST 2022","Wed Aug 24 13:29:26 IST 2022","60786","Suite","Test","Library.VideoCheck","Library.VideoCheck","studentVideocheck","studentVideocheck","Examine whether or not the video can successfully played properly."
"passed","Wed Aug 24 11:54:21 IST 2022","Wed Aug 24 11:54:41 IST 2022","20125","Suite","Test","Publish.PublishLandingPage","Publish.PublishLandingPage","teacherLanding","teacherLanding","Examine whether or not the teacher can successfully get inside the Publish module."
"passed","Wed Aug 24 12:24:46 IST 2022","Wed Aug 24 12:25:05 IST 2022","18736","Suite","Test","Notebook.GradeCheck","Notebook.GradeCheck","CheckTeacherBookGrade","CheckTeacherBookGrade","To see if a teacher of a specific grade has the correct grade book"
"passed","Wed Aug 24 13:58:27 IST 2022","Wed Aug 24 13:59:02 IST 2022","35525","Suite","Test","Library.WorkbookNameVerify","Library.WorkbookNameVerify","TeacherWorkbookCheck","TeacherWorkbookCheck","To check if the teacher workbook name is the same as that mentioned in the library image"
"passed","Wed Aug 24 13:54:21 IST 2022","Wed Aug 24 13:55:01 IST 2022","40606","Suite","Test","Library.WorkbookNameVerify","Library.WorkbookNameVerify","StudentWorkbookCheck","StudentWorkbookCheck","To check if the student workbook name is the same as that mentioned in the library image"
"passed","Wed Aug 24 13:42:49 IST 2022","Wed Aug 24 13:43:46 IST 2022","56750","Suite","Test","Library.AudioCheck","Library.AudioCheck","teacherVideocheck","teacherVideocheck","Examine whether or not the audio can successfully played properly."
"passed","Wed Aug 24 11:54:43 IST 2022","Wed Aug 24 11:55:04 IST 2022","20314","Suite","Test","Publish.PublishLandingPage","Publish.PublishLandingPage","teacherLanding","teacherLanding","Examine whether or not the teacher can successfully get inside the Publish module."
"broken","Wed Aug 24 11:19:52 IST 2022","Wed Aug 24 11:20:43 IST 2022","50989","Suite","Test","Doubts.DoubtsLandingPageCheck","Doubts.DoubtsLandingPageCheck","studentLanding","studentLanding","Examine whether or not the student can successfully get inside the Doubts module."
"passed","Wed Aug 24 13:48:31 IST 2022","Wed Aug 24 13:48:44 IST 2022","12328","Suite","Test","loginFunctionality.UserSignInFunctionality","loginFunctionality.UserSignInFunctionality","TeacherLoginPageCorrectCredentials","TeacherLoginPageCorrectCredentials","Examin Teachers Login with correct details"
"passed","Wed Aug 24 12:39:49 IST 2022","Wed Aug 24 12:40:15 IST 2022","25408","Suite","Test","Library.LibLandingPageCheck","Library.LibLandingPageCheck","teacherLanding","teacherLanding","Examine whether or not the teacher can successfully get inside the library module."
"passed","Wed Aug 24 11:13:03 IST 2022","Wed Aug 24 11:13:25 IST 2022","21624","Suite","Test","Attendance.AttendancePaginationCheck","Attendance.AttendancePaginationCheck","studentPaginationCheck","studentPaginationCheck","Examine whether or not the student can navigate to next pages through pagination."
"passed","Wed Aug 24 12:22:30 IST 2022","Wed Aug 24 12:22:52 IST 2022","21501","Suite","Test","Notebook.GradeCheck","Notebook.GradeCheck","CheckStudentBookGrade","CheckStudentBookGrade","To see if a student in a specific grade has the correct grade book"
"passed","Wed Aug 24 12:19:33 IST 2022","Wed Aug 24 12:19:54 IST 2022","21501","Suite","Test","Notebook.NotebookLandingPageCheck","Notebook.NotebookLandingPageCheck","studentLanding","studentLanding","Examine whether or not the student can successfully get inside the notebook module."
"broken","Wed Aug 24 13:25:45 IST 2022","Wed Aug 24 13:27:20 IST 2022","94898","Suite","Test","Library.VideoCheck","Library.VideoCheck","studentVideocheck","studentVideocheck","Examine whether or not the video can successfully played properly."
"passed","Wed Aug 24 11:51:49 IST 2022","Wed Aug 24 11:52:13 IST 2022","23421","Suite","Test","Publish.PublishLandingPage","Publish.PublishLandingPage","studentLanding","studentLanding","Examine whether or not the student can successfully get inside the publish module."
"passed","Wed Aug 24 12:23:41 IST 2022","Wed Aug 24 12:24:02 IST 2022","21482","Suite","Test","Notebook.GradeCheck","Notebook.GradeCheck","CheckStudentBookGrade","CheckStudentBookGrade","To see if a student in a specific grade has the correct grade book"
"passed","Wed Aug 24 12:03:31 IST 2022","Wed Aug 24 12:04:02 IST 2022","30833","Suite","Test","Publish.PublishPagination","Publish.PublishPagination","studentPublishPagination","studentPublishPagination","Examine whether or not the student can successfully navigate to next pages."
"passed","Wed Aug 24 11:53:12 IST 2022","Wed Aug 24 11:53:34 IST 2022","22186","Suite","Test","Publish.PublishLandingPage","Publish.PublishLandingPage","studentLanding","studentLanding","Examine whether or not the student can successfully get inside the publish module."
"passed","Wed Aug 24 10:57:29 IST 2022","Wed Aug 24 10:58:51 IST 2022","81691","Suite","Test","Attendance.AttendancePresentAbsentLeaveHoliday","Attendance.AttendancePresentAbsentLeaveHoliday","studentPALHCountCheck","studentPALHCountCheck","Examine whether or not the student can view the count of present, absent, leave, and holiday correctly."
"passed","Wed Aug 24 13:19:01 IST 2022","Wed Aug 24 13:19:32 IST 2022","30770","Suite","Test","Library.SearchCheck","Library.SearchCheck","StudentSearchCheck","StudentSearchCheck","Searched content should be displayed on screen."
"passed","Wed Aug 24 13:02:50 IST 2022","Wed Aug 24 13:04:27 IST 2022","96684","Suite","Test","Library.LessonNameVerify","Library.LessonNameVerify","TeacherLessonNameCheck","TeacherLessonNameCheck","Whichever option is selected, the lesson name should be clearly visible."
"passed","Wed Aug 24 12:04:04 IST 2022","Wed Aug 24 12:04:35 IST 2022","30411","Suite","Test","Publish.PublishPagination","Publish.PublishPagination","studentPublishPagination","studentPublishPagination","Examine whether or not the student can successfully navigate to next pages."
"passed","Wed Aug 24 12:43:44 IST 2022","Wed Aug 24 12:44:15 IST 2022","30484","Suite","Test","Library.GradeCheck","Library.GradeCheck","CheckStudentBookGrade","CheckStudentBookGrade","To see if a student in a specific grade has the correct grade book"
"passed","Wed Aug 24 11:22:47 IST 2022","Wed Aug 24 11:23:16 IST 2022","28426","Suite","Test","Doubts.DoubtsLandingPageCheck","Doubts.DoubtsLandingPageCheck","teacherLanding","teacherLanding","Examine whether or not the teacher can successfully get inside the Doubts module."
"passed","Wed Aug 24 11:53:36 IST 2022","Wed Aug 24 11:53:57 IST 2022","20358","Suite","Test","Publish.PublishLandingPage","Publish.PublishLandingPage","teacherLanding","teacherLanding","Examine whether or not the teacher can successfully get inside the Publish module."
"passed","Wed Aug 24 11:26:53 IST 2022","Wed Aug 24 11:27:17 IST 2022","24612","Suite","Test","Doubts.DoubtsViewCountCheck","Doubts.DoubtsViewCountCheck","studentViewCountCheck","studentViewCountCheck","Examine whether or not the student can successfully view the increase in view count when viewed."
"passed","Wed Aug 24 13:27:22 IST 2022","Wed Aug 24 13:28:22 IST 2022","59759","Suite","Test","Library.VideoCheck","Library.VideoCheck","studentVideocheck","studentVideocheck","Examine whether or not the video can successfully played properly."
"failed","Wed Aug 24 11:42:45 IST 2022","Wed Aug 24 11:43:22 IST 2022","37418","Suite","Test","Doubts.DoubtsFilterFunctionality","Doubts.DoubtsFilterFunctionality","studentFilterFunctionalityCheck","studentFilterFunctionalityCheck","Examine whether or not the student can successfully filter the content by applying specific filters."
"passed","Wed Aug 24 11:05:25 IST 2022","Wed Aug 24 11:05:57 IST 2022","32135","Suite","Test","Attendance.AttendancePresentAbsentLeaveHoliday","Attendance.AttendancePresentAbsentLeaveHoliday","teacherPALCountCheck","teacherPALCountCheck","Examine whether or not the teacher can view the count of present, absent, and leave correctly."
"passed","Wed Aug 24 12:21:03 IST 2022","Wed Aug 24 12:21:22 IST 2022","19421","Suite","Test","Notebook.NotebookLandingPageCheck","Notebook.NotebookLandingPageCheck","teacherLanding","teacherLanding","Examine whether or not the teacher can successfully get inside the Notebook module."
"passed","Wed Aug 24 13:22:59 IST 2022","Wed Aug 24 13:23:34 IST 2022","34916","Suite","Test","Library.SearchCheck","Library.SearchCheck","TeacherSearchCheck","TeacherSearchCheck","Searched content should be displayed on screen."
"passed","Wed Aug 24 10:55:19 IST 2022","Wed Aug 24 10:55:38 IST 2022","19428","Suite","Test","Attendance.AttendanceLandingPageCheck","Attendance.AttendanceLandingPageCheck","teacherLanding","teacherLanding","Examine whether or not the teacher can successfully get inside the Attendance module."
"passed","Wed Aug 24 12:32:34 IST 2022","Wed Aug 24 12:33:41 IST 2022","66863","Suite","Test","Notebook.LessonNameVerify","Notebook.LessonNameVerify","TeacherLessonNameCheck","TeacherLessonNameCheck","Whichever option is selected, the lesson name should be clearly visible."
"passed","Wed Aug 24 13:46:21 IST 2022","Wed Aug 24 13:46:33 IST 2022","12316","Suite","Test","loginFunctionality.UserSignInFunctionality","loginFunctionality.UserSignInFunctionality","StudentLoginPageCorrectCredentials","StudentLoginPageCorrectCredentials","Examin Student Login with correct details"
"broken","Wed Aug 24 11:45:43 IST 2022","Wed Aug 24 11:46:41 IST 2022","58651","Suite","Test","Doubts.DoubtsFilterFunctionality","Doubts.DoubtsFilterFunctionality","teacherFilterFunctionalityCheck","teacherFilterFunctionalityCheck","Examine whether or not the teacher can successfully filter the content by applying specific filters."
"passed","Wed Aug 24 13:34:53 IST 2022","Wed Aug 24 13:35:56 IST 2022","63504","Suite","Test","Library.VideoCheck","Library.VideoCheck","teacherVideocheck","teacherVideocheck","Examine whether or not the video can successfully played properly."
"passed","Wed Aug 24 11:10:52 IST 2022","Wed Aug 24 11:11:34 IST 2022","41527","Suite","Test","Attendance.AttendancePercentageCheck","Attendance.AttendancePercentageCheck","studentPercentageCheck","studentPercentageCheck","Examine whether or not the student can successfully the attendance percentage calculated monthly."
"passed","Wed Aug 24 11:37:44 IST 2022","Wed Aug 24 11:38:25 IST 2022","40811","Suite","Test","Doubts.DoubtsUploadMultimediaCheck","Doubts.DoubtsUploadMultimediaCheck","studentUploadMultimedia","studentUploadMultimedia","Examine whether or not the student can successfully upload multimedia content in his/her doubt."
"passed","Wed Aug 24 12:37:38 IST 2022","Wed Aug 24 12:38:09 IST 2022","30481","Suite","Test","Library.LibLandingPageCheck","Library.LibLandingPageCheck","studentLanding","studentLanding","Examine whether or not the student can successfully get inside the library module."
"passed","Wed Aug 24 11:35:30 IST 2022","Wed Aug 24 11:35:51 IST 2022","20468","Suite","Test","Doubts.DoubtsNewDoubtCheck","Doubts.DoubtsNewDoubtCheck","teacherViewNewDoubt","teacherViewNewDoubt","Examine whether or not the teacher can successfully view the doubt asked by the students."
"passed","Wed Aug 24 10:54:58 IST 2022","Wed Aug 24 10:55:17 IST 2022","19430","Suite","Test","Attendance.AttendanceLandingPageCheck","Attendance.AttendanceLandingPageCheck","teacherLanding","teacherLanding","Examine whether or not the teacher can successfully get inside the Attendance module."
"passed","Wed Aug 24 11:55:06 IST 2022","Wed Aug 24 11:55:26 IST 2022","20483","Suite","Test","Publish.PublishLandingPage","Publish.PublishLandingPage","teacherLanding","teacherLanding","Examine whether or not the teacher can successfully get inside the Publish module."
"passed","Wed Aug 24 13:48:17 IST 2022","Wed Aug 24 13:48:29 IST 2022","12297","Suite","Test","loginFunctionality.UserSignInFunctionality","loginFunctionality.UserSignInFunctionality","TeacherLoginPageCorrectCredentials","TeacherLoginPageCorrectCredentials","Examin Teachers Login with correct details"
"passed","Wed Aug 24 13:47:56 IST 2022","Wed Aug 24 13:47:57 IST 2022","1221","Suite","Test","loginFunctionality.UserSignInFunctionality","loginFunctionality.UserSignInFunctionality","IncorrectStudentMobileNoCheck","IncorrectStudentMobileNoCheck","Examin Student Login with incorrect mobile number"
"passed","Wed Aug 24 12:46:01 IST 2022","Wed Aug 24 12:46:22 IST 2022","21502","Suite","Test","Library.GradeCheck","Library.GradeCheck","CheckTeacherBookGrade","CheckTeacherBookGrade","To see if a teacher of a specific grade has the correct grade book"
"passed","Wed Aug 24 11:13:27 IST 2022","Wed Aug 24 11:13:48 IST 2022","21643","Suite","Test","Attendance.AttendancePaginationCheck","Attendance.AttendancePaginationCheck","studentPaginationCheck","studentPaginationCheck","Examine whether or not the student can navigate to next pages through pagination."
"passed","Wed Aug 24 12:20:20 IST 2022","Wed Aug 24 12:20:39 IST 2022","19392","Suite","Test","Notebook.NotebookLandingPageCheck","Notebook.NotebookLandingPageCheck","teacherLanding","teacherLanding","Examine whether or not the teacher can successfully get inside the Notebook module."
"passed","Wed Aug 24 13:39:52 IST 2022","Wed Aug 24 13:40:49 IST 2022","56914","Suite","Test","Library.AudioCheck","Library.AudioCheck","StudentAudioCheck","StudentAudioCheck","To check if the audio player is displayed or not."
"passed","Wed Aug 24 13:20:07 IST 2022","Wed Aug 24 13:20:37 IST 2022","30688","Suite","Test","Library.SearchCheck","Library.SearchCheck","StudentSearchCheck","StudentSearchCheck","Searched content should be displayed on screen."
"passed","Wed Aug 24 13:47:37 IST 2022","Wed Aug 24 13:47:44 IST 2022","7163","Suite","Test","loginFunctionality.UserSignInFunctionality","loginFunctionality.UserSignInFunctionality","StudentLoginPageIncorrectPassword","StudentLoginPageIncorrectPassword","Examin Student Login with incorrect password details"
"passed","Wed Aug 24 13:48:02 IST 2022","Wed Aug 24 13:48:15 IST 2022","12351","Suite","Test","loginFunctionality.UserSignInFunctionality","loginFunctionality.UserSignInFunctionality","TeacherLoginPageCorrectCredentials","TeacherLoginPageCorrectCredentials","Examin Teachers Login with correct details"
"passed","Wed Aug 24 11:17:10 IST 2022","Wed Aug 24 11:17:41 IST 2022","30346","Suite","Test","Attendance.AttendancePaginationCheck","Attendance.AttendancePaginationCheck","teacherPaginationCheck","teacherPaginationCheck","Examine whether or not the teacher can navigate to next pages through pagination."
"broken","Wed Aug 24 11:44:43 IST 2022","Wed Aug 24 11:45:41 IST 2022","57462","Suite","Test","Doubts.DoubtsFilterFunctionality","Doubts.DoubtsFilterFunctionality","teacherFilterFunctionalityCheck","teacherFilterFunctionalityCheck","Examine whether or not the teacher can successfully filter the content by applying specific filters."
"passed","Wed Aug 24 13:08:47 IST 2022","Wed Aug 24 13:10:13 IST 2022","86407","Suite","Test","Library.LessonTopicsVerify","Library.LessonTopicsVerify","StudentLessonTopicCheck","StudentLessonTopicCheck","Whichever option is selected, the lesson name should be clearly visible."
"passed","Wed Aug 24 10:53:02 IST 2022","Wed Aug 24 10:53:23 IST 2022","21471","Suite","Test","Attendance.AttendanceLandingPageCheck","Attendance.AttendanceLandingPageCheck","studentLanding","studentLanding","Examine whether or not the student can successfully get inside the Attendance module."
"passed","Wed Aug 24 11:01:43 IST 2022","Wed Aug 24 11:03:04 IST 2022","81659","Suite","Test","Attendance.AttendancePresentAbsentLeaveHoliday","Attendance.AttendancePresentAbsentLeaveHoliday","studentPALHCountCheck","studentPALHCountCheck","Examine whether or not the student can view the count of present, absent, leave, and holiday correctly."
"passed","Wed Aug 24 13:47:47 IST 2022","Wed Aug 24 13:47:48 IST 2022","1286","Suite","Test","loginFunctionality.UserSignInFunctionality","loginFunctionality.UserSignInFunctionality","IncorrectStudentMobileNoCheck","IncorrectStudentMobileNoCheck","Examin Student Login with incorrect mobile number"
"passed","Wed Aug 24 12:08:19 IST 2022","Wed Aug 24 12:08:56 IST 2022","36940","Suite","Test","Publish.PublishTeacherCategoryFilters_Student","Publish.PublishTeacherCategoryFilters_Student","studentPublishTeacherFilter","studentPublishTeacherFilter","Examine whether or not the student can successfully filter content according to Teacher."
"passed","Wed Aug 24 11:05:59 IST 2022","Wed Aug 24 11:06:39 IST 2022","39913","Suite","Test","Attendance.AttendanceMarkHolidayCheck","Attendance.AttendanceMarkHolidayCheck","teacherMarkHolidayCheck","teacherMarkHolidayCheck","Examine whether or not the teacher can mark a day as holiday or mark attendance for any particular day."
"passed","Wed Aug 24 11:28:13 IST 2022","Wed Aug 24 11:28:37 IST 2022","24495","Suite","Test","Doubts.DoubtsViewCountCheck","Doubts.DoubtsViewCountCheck","studentViewCountCheck","studentViewCountCheck","Examine whether or not the student can successfully view the increase in view count when viewed."
"passed","Wed Aug 24 12:44:18 IST 2022","Wed Aug 24 12:44:49 IST 2022","30454","Suite","Test","Library.GradeCheck","Library.GradeCheck","CheckStudentBookGrade","CheckStudentBookGrade","To see if a student in a specific grade has the correct grade book"
"passed","Wed Aug 24 12:31:25 IST 2022","Wed Aug 24 12:32:30 IST 2022","65776","Suite","Test","Notebook.LessonNameVerify","Notebook.LessonNameVerify","TeacherLessonNameCheck","TeacherLessonNameCheck","Whichever option is selected, the lesson name should be clearly visible."
"passed","Wed Aug 24 13:56:29 IST 2022","Wed Aug 24 13:57:10 IST 2022","40561","Suite","Test","Library.WorkbookNameVerify","Library.WorkbookNameVerify","StudentWorkbookCheck","StudentWorkbookCheck","To check if the student workbook name is the same as that mentioned in the library image"
"passed","Wed Aug 24 11:57:40 IST 2022","Wed Aug 24 11:58:10 IST 2022","30305","Suite","Test","Publish.PublishNewContentButtonCheck_Teacher","Publish.PublishNewContentButtonCheck_Teacher","teacherPublishNewContentBtnCheck","teacherPublishNewContentBtnCheck","Examine whether or not the teacher can successfully get inside the Publish module."
"passed","Wed Aug 24 13:21:45 IST 2022","Wed Aug 24 13:22:20 IST 2022","34676","Suite","Test","Library.SearchCheck","Library.SearchCheck","TeacherSearchCheck","TeacherSearchCheck","Searched content should be displayed on screen."
"broken","Wed Aug 24 11:26:02 IST 2022","Wed Aug 24 11:26:51 IST 2022","48262","Suite","Test","Doubts.DoubtsAskaDoubt_Student","Doubts.DoubtsAskaDoubt_Student","studentAskADoubt","studentAskADoubt","Examine whether or not the student can successfully open page for asking doubt."
"passed","Wed Aug 24 13:49:00 IST 2022","Wed Aug 24 13:49:13 IST 2022","12564","Suite","Test","loginFunctionality.UserSignInFunctionality","loginFunctionality.UserSignInFunctionality","TeacherLoginPageCorrectCredentials","TeacherLoginPageCorrectCredentials","Examin Teachers Login with correct details"
"passed","Wed Aug 24 11:40:09 IST 2022","Wed Aug 24 11:40:49 IST 2022","40812","Suite","Test","Doubts.DoubtsUploadMultimediaCheck","Doubts.DoubtsUploadMultimediaCheck","studentUploadMultimedia","studentUploadMultimedia","Examine whether or not the student can successfully upload multimedia content in his/her doubt."
"passed","Wed Aug 24 11:12:19 IST 2022","Wed Aug 24 11:13:01 IST 2022","41549","Suite","Test","Attendance.AttendancePercentageCheck","Attendance.AttendancePercentageCheck","studentPercentageCheck","studentPercentageCheck","Examine whether or not the student can successfully the attendance percentage calculated monthly."
"failed","Wed Aug 24 11:43:25 IST 2022","Wed Aug 24 11:44:02 IST 2022","37196","Suite","Test","Doubts.DoubtsFilterFunctionality","Doubts.DoubtsFilterFunctionality","studentFilterFunctionalityCheck","studentFilterFunctionalityCheck","Examine whether or not the student can successfully filter the content by applying specific filters."
"passed","Wed Aug 24 13:46:07 IST 2022","Wed Aug 24 13:46:19 IST 2022","12349","Suite","Test","loginFunctionality.UserSignInFunctionality","loginFunctionality.UserSignInFunctionality","StudentLoginPageCorrectCredentials","StudentLoginPageCorrectCredentials","Examin Student Login with correct details"
"passed","Wed Aug 24 14:05:43 IST 2022","Wed Aug 24 14:06:47 IST 2022","63618","Suite","Test","Publish.PublishNewContentCheck","Publish.PublishNewContentCheck","teacherPublishNewContentCheck","teacherPublishNewContentCheck","Examine whether or not the teacher can successfully publish new content."
"passed","Wed Aug 24 12:26:52 IST 2022","Wed Aug 24 12:27:59 IST 2022","66791","Suite","Test","Notebook.LessonNameVerify","Notebook.LessonNameVerify","StudentLessonNameCheck","StudentLessonNameCheck","Whichever option is selected, the lesson name should be clearly visible."
"passed","Wed Aug 24 11:28:39 IST 2022","Wed Aug 24 11:29:04 IST 2022","24484","Suite","Test","Doubts.DoubtsViewCountCheck","Doubts.DoubtsViewCountCheck","studentViewCountCheck","studentViewCountCheck","Examine whether or not the student can successfully view the increase in view count when viewed."
"passed","Wed Aug 24 12:44:51 IST 2022","Wed Aug 24 12:45:12 IST 2022","21542","Suite","Test","Library.GradeCheck","Library.GradeCheck","CheckTeacherBookGrade","CheckTeacherBookGrade","To see if a teacher of a specific grade has the correct grade book"
"passed","Wed Aug 24 11:19:20 IST 2022","Wed Aug 24 11:19:50 IST 2022","30378","Suite","Test","Doubts.DoubtsLandingPageCheck","Doubts.DoubtsLandingPageCheck","studentLanding","studentLanding","Examine whether or not the student can successfully get inside the Doubts module."
"passed","Wed Aug 24 12:07:09 IST 2022","Wed Aug 24 12:07:38 IST 2022","28833","Suite","Test","Publish.PublishPagination","Publish.PublishPagination","teacherPublishPagination","teacherPublishPagination","Examine whether or not the teacher can successfully navigate to next pages."
"passed","Wed Aug 24 13:36:54 IST 2022","Wed Aug 24 13:37:51 IST 2022","57166","Suite","Test","Library.AudioCheck","Library.AudioCheck","StudentAudioCheck","StudentAudioCheck","To check if the audio player is displayed or not."
"passed","Wed Aug 24 11:16:38 IST 2022","Wed Aug 24 11:17:08 IST 2022","30357","Suite","Test","Attendance.AttendancePaginationCheck","Attendance.AttendancePaginationCheck","teacherPaginationCheck","teacherPaginationCheck","Examine whether or not the teacher can navigate to next pages through pagination."
"passed","Wed Aug 24 11:52:39 IST 2022","Wed Aug 24 11:53:10 IST 2022","31573","Suite","Test","Publish.PublishLandingPage","Publish.PublishLandingPage","studentLanding","studentLanding","Examine whether or not the student can successfully get inside the publish module."
"broken","Wed Aug 24 11:41:48 IST 2022","Wed Aug 24 11:42:41 IST 2022","53141","Suite","Test","Doubts.DoubtsFilterFunctionality","Doubts.DoubtsFilterFunctionality","studentFilterFunctionalityCheck","studentFilterFunctionalityCheck","Examine whether or not the student can successfully filter the content by applying specific filters."
"passed","Wed Aug 24 13:41:50 IST 2022","Wed Aug 24 13:42:47 IST 2022","56784","Suite","Test","Library.AudioCheck","Library.AudioCheck","teacherVideocheck","teacherVideocheck","Examine whether or not the audio can successfully played properly."
"passed","Wed Aug 24 12:19:56 IST 2022","Wed Aug 24 12:20:18 IST 2022","21448","Suite","Test","Notebook.NotebookLandingPageCheck","Notebook.NotebookLandingPageCheck","studentLanding","studentLanding","Examine whether or not the student can successfully get inside the notebook module."
"passed","Wed Aug 24 13:57:12 IST 2022","Wed Aug 24 13:57:47 IST 2022","35530","Suite","Test","Library.WorkbookNameVerify","Library.WorkbookNameVerify","TeacherWorkbookCheck","TeacherWorkbookCheck","To check if the teacher workbook name is the same as that mentioned in the library image"
"passed","Wed Aug 24 13:45:50 IST 2022","Wed Aug 24 13:45:50 IST 2022","112","Suite","Test","loginFunctionality.LoginLandingPageCheck","loginFunctionality.LoginLandingPageCheck","teacherLandingPage","teacherLandingPage","Examin Teacher toggle check"
"passed","Wed Aug 24 13:46:35 IST 2022","Wed Aug 24 13:46:48 IST 2022","12331","Suite","Test","loginFunctionality.UserSignInFunctionality","loginFunctionality.UserSignInFunctionality","StudentLoginPageCorrectCredentials","StudentLoginPageCorrectCredentials","Examin Student Login with correct details"
"passed","Wed Aug 24 11:20:46 IST 2022","Wed Aug 24 11:21:14 IST 2022","28416","Suite","Test","Doubts.DoubtsLandingPageCheck","Doubts.DoubtsLandingPageCheck","teacherLanding","teacherLanding","Examine whether or not the teacher can successfully get inside the Doubts module."
"passed","Wed Aug 24 13:44:48 IST 2022","Wed Aug 24 13:45:45 IST 2022","57548","Suite","Test","Library.AudioCheck","Library.AudioCheck","teacherVideocheck","teacherVideocheck","Examine whether or not the audio can successfully played properly."
"failed","Wed Aug 24 11:48:28 IST 2022","Wed Aug 24 11:49:16 IST 2022","48341","Suite","Test","Doubts.DoubtsFilterFunctionality","Doubts.DoubtsFilterFunctionality","teacherFilterFunctionalityCheck","teacherFilterFunctionalityCheck","Examine whether or not the teacher can successfully filter the content by applying specific filters."
"passed","Wed Aug 24 13:30:34 IST 2022","Wed Aug 24 13:31:28 IST 2022","53350","Suite","Test","Library.VideoCheck","Library.VideoCheck","teacherVideocheck","teacherVideocheck","Examine whether or not the video can successfully played properly."
"passed","Wed Aug 24 11:04:16 IST 2022","Wed Aug 24 11:04:49 IST 2022","32283","Suite","Test","Attendance.AttendancePresentAbsentLeaveHoliday","Attendance.AttendancePresentAbsentLeaveHoliday","teacherPALCountCheck","teacherPALCountCheck","Examine whether or not the teacher can view the count of present, absent, and leave correctly."
"passed","Wed Aug 24 11:53:59 IST 2022","Wed Aug 24 11:54:19 IST 2022","20190","Suite","Test","Publish.PublishLandingPage","Publish.PublishLandingPage","teacherLanding","teacherLanding","Examine whether or not the teacher can successfully get inside the Publish module."
"passed","Wed Aug 24 12:39:17 IST 2022","Wed Aug 24 12:39:47 IST 2022","30473","Suite","Test","Library.LibLandingPageCheck","Library.LibLandingPageCheck","studentLanding","studentLanding","Examine whether or not the student can successfully get inside the library module."
"passed","Wed Aug 24 12:59:37 IST 2022","Wed Aug 24 13:01:08 IST 2022","90201","Suite","Test","Library.LessonNameVerify","Library.LessonNameVerify","TeacherLessonNameCheck","TeacherLessonNameCheck","Whichever option is selected, the lesson name should be clearly visible."
"passed","Wed Aug 24 12:38:10 IST 2022","Wed Aug 24 12:38:41 IST 2022","30449","Suite","Test","Library.LibLandingPageCheck","Library.LibLandingPageCheck","studentLanding","studentLanding","Examine whether or not the student can successfully get inside the library module."
"passed","Wed Aug 24 12:34:47 IST 2022","Wed Aug 24 12:35:53 IST 2022","65743","Suite","Test","Notebook.LessonNameVerify","Notebook.LessonNameVerify","TeacherLessonNameCheck","TeacherLessonNameCheck","Whichever option is selected, the lesson name should be clearly visible."
"passed","Wed Aug 24 12:54:39 IST 2022","Wed Aug 24 12:56:16 IST 2022","96371","Suite","Test","Library.LessonNameVerify","Library.LessonNameVerify","StudentLessonNameCheck","StudentLessonNameCheck","Whichever option is selected, the lesson name should be clearly visible."
"passed","Wed Aug 24 13:55:04 IST 2022","Wed Aug 24 13:55:45 IST 2022","40580","Suite","Test","Library.WorkbookNameVerify","Library.WorkbookNameVerify","StudentWorkbookCheck","StudentWorkbookCheck","To check if the student workbook name is the same as that mentioned in the library image"
"passed","Wed Aug 24 12:10:16 IST 2022","Wed Aug 24 12:10:52 IST 2022","36894","Suite","Test","Publish.PublishTeacherCategoryFilters_Student","Publish.PublishTeacherCategoryFilters_Student","studentPublishTeacherFilter","studentPublishTeacherFilter","Examine whether or not the student can successfully filter content according to Teacher."
"passed","Wed Aug 24 11:15:33 IST 2022","Wed Aug 24 11:16:04 IST 2022","30560","Suite","Test","Attendance.AttendancePaginationCheck","Attendance.AttendancePaginationCheck","teacherPaginationCheck","teacherPaginationCheck","Examine whether or not the teacher can navigate to next pages through pagination."
"passed","Wed Aug 24 12:19:09 IST 2022","Wed Aug 24 12:19:31 IST 2022","21471","Suite","Test","Notebook.NotebookLandingPageCheck","Notebook.NotebookLandingPageCheck","studentLanding","studentLanding","Examine whether or not the student can successfully get inside the notebook module."
"passed","Wed Aug 24 12:25:28 IST 2022","Wed Aug 24 12:25:47 IST 2022","18812","Suite","Test","Notebook.GradeCheck","Notebook.GradeCheck","CheckTeacherBookGrade","CheckTeacherBookGrade","To see if a teacher of a specific grade has the correct grade book"
"passed","Wed Aug 24 13:33:46 IST 2022","Wed Aug 24 13:34:50 IST 2022","64346","Suite","Test","Library.VideoCheck","Library.VideoCheck","teacherVideocheck","teacherVideocheck","Examine whether or not the video can successfully played properly."
"passed","Wed Aug 24 12:38:44 IST 2022","Wed Aug 24 12:39:15 IST 2022","30500","Suite","Test","Library.LibLandingPageCheck","Library.LibLandingPageCheck","studentLanding","studentLanding","Examine whether or not the student can successfully get inside the library module."
"passed","Wed Aug 24 12:10:54 IST 2022","Wed Aug 24 12:12:21 IST 2022","86896","Suite","Test","Publish.PublishSubjectLessonCategoryFilters_Teacher","Publish.PublishSubjectLessonCategoryFilters_Teacher","teacherBookFilter","teacherBookFilter","Examine whether or not the teacher can successfully filter the content according to book."
"passed","Wed Aug 24 13:59:42 IST 2022","Wed Aug 24 14:00:18 IST 2022","35563","Suite","Test","Library.WorkbookNameVerify","Library.WorkbookNameVerify","TeacherWorkbookCheck","TeacherWorkbookCheck","To check if the teacher workbook name is the same as that mentioned in the library image"
"passed","Wed Aug 24 11:21:46 IST 2022","Wed Aug 24 11:22:15 IST 2022","28425","Suite","Test","Doubts.DoubtsLandingPageCheck","Doubts.DoubtsLandingPageCheck","teacherLanding","teacherLanding","Examine whether or not the teacher can successfully get inside the Doubts module."
"passed","Wed Aug 24 13:57:49 IST 2022","Wed Aug 24 13:58:25 IST 2022","35513","Suite","Test","Library.WorkbookNameVerify","Library.WorkbookNameVerify","TeacherWorkbookCheck","TeacherWorkbookCheck","To check if the teacher workbook name is the same as that mentioned in the library image"
"passed","Wed Aug 24 13:01:11 IST 2022","Wed Aug 24 13:02:48 IST 2022","96429","Suite","Test","Library.LessonNameVerify","Library.LessonNameVerify","TeacherLessonNameCheck","TeacherLessonNameCheck","Whichever option is selected, the lesson name should be clearly visible."
"passed","Wed Aug 24 12:35:56 IST 2022","Wed Aug 24 12:37:02 IST 2022","65777","Suite","Test","Notebook.LessonNameVerify","Notebook.LessonNameVerify","TeacherLessonNameCheck","TeacherLessonNameCheck","Whichever option is selected, the lesson name should be clearly visible."
"passed","Wed Aug 24 11:33:33 IST 2022","Wed Aug 24 11:34:18 IST 2022","45753","Suite","Test","Doubts.DoubtsNewDoubtCheck","Doubts.DoubtsNewDoubtCheck","studentAskNewDoubt","studentAskNewDoubt","Examine whether or not the student can successfully ask his/her doubt."
"passed","Wed Aug 24 12:41:12 IST 2022","Wed Aug 24 12:41:37 IST 2022","25409","Suite","Test","Library.LibLandingPageCheck","Library.LibLandingPageCheck","teacherLanding","teacherLanding","Examine whether or not the teacher can successfully get inside the library module."
"passed","Wed Aug 24 13:20:39 IST 2022","Wed Aug 24 13:21:10 IST 2022","30650","Suite","Test","Library.SearchCheck","Library.SearchCheck","StudentSearchCheck","StudentSearchCheck","Searched content should be displayed on screen."
"passed","Wed Aug 24 11:25:32 IST 2022","Wed Aug 24 11:26:00 IST 2022","27946","Suite","Test","Doubts.DoubtsAskaDoubt_Student","Doubts.DoubtsAskaDoubt_Student","studentAskADoubt","studentAskADoubt","Examine whether or not the student can successfully open page for asking doubt."
"passed","Wed Aug 24 13:35:58 IST 2022","Wed Aug 24 13:36:50 IST 2022","51853","Suite","Test","Library.AudioCheck","Library.AudioCheck","StudentAudioCheck","StudentAudioCheck","To check if the audio player is displayed or not."
"passed","Wed Aug 24 14:20:59 IST 2022","Wed Aug 24 14:23:22 IST 2022","143654","Suite","Test","Notebook.viewHighlightsNotesBookmarks","Notebook.viewHighlightsNotesBookmarks","CheckTeacherHighlightsNotesBookmarks","CheckTeacherHighlightsNotesBookmarks","To see if a teacher can view highlights, notes and bookmarks from library in Notebook"
"passed","Wed Aug 24 12:13:54 IST 2022","Wed Aug 24 12:15:21 IST 2022","87009","Suite","Test","Publish.PublishSubjectLessonCategoryFilters_Teacher","Publish.PublishSubjectLessonCategoryFilters_Teacher","teacherBookFilter","teacherBookFilter","Examine whether or not the teacher can successfully filter the content according to book."
"passed","Wed Aug 24 11:18:15 IST 2022","Wed Aug 24 11:18:46 IST 2022","30433","Suite","Test","Doubts.DoubtsLandingPageCheck","Doubts.DoubtsLandingPageCheck","studentLanding","studentLanding","Examine whether or not the student can successfully get inside the Doubts module."
"passed","Wed Aug 24 11:55:28 IST 2022","Wed Aug 24 11:55:58 IST 2022","30367","Suite","Test","Publish.PublishNewContentButtonCheck_Teacher","Publish.PublishNewContentButtonCheck_Teacher","teacherPublishNewContentBtnCheck","teacherPublishNewContentBtnCheck","Examine whether or not the teacher can successfully get inside the Publish module."
"broken","Wed Aug 24 11:23:51 IST 2022","Wed Aug 24 11:24:39 IST 2022","48286","Suite","Test","Doubts.DoubtsAskaDoubt_Student","Doubts.DoubtsAskaDoubt_Student","studentAskADoubt","studentAskADoubt","Examine whether or not the student can successfully open page for asking doubt."
"passed","Wed Aug 24 12:24:25 IST 2022","Wed Aug 24 12:24:44 IST 2022","18799","Suite","Test","Notebook.GradeCheck","Notebook.GradeCheck","CheckTeacherBookGrade","CheckTeacherBookGrade","To see if a teacher of a specific grade has the correct grade book"
"passed","Wed Aug 24 12:08:58 IST 2022","Wed Aug 24 12:09:35 IST 2022","36911","Suite","Test","Publish.PublishTeacherCategoryFilters_Student","Publish.PublishTeacherCategoryFilters_Student","studentPublishTeacherFilter","studentPublishTeacherFilter","Examine whether or not the student can successfully filter content according to Teacher."
"passed","Wed Aug 24 12:45:14 IST 2022","Wed Aug 24 12:45:35 IST 2022","21485","Suite","Test","Library.GradeCheck","Library.GradeCheck","CheckTeacherBookGrade","CheckTeacherBookGrade","To see if a teacher of a specific grade has the correct grade book"
"passed","Wed Aug 24 10:54:36 IST 2022","Wed Aug 24 10:54:56 IST 2022","19439","Suite","Test","Attendance.AttendanceLandingPageCheck","Attendance.AttendanceLandingPageCheck","teacherLanding","teacherLanding","Examine whether or not the teacher can successfully get inside the Attendance module."
"passed","Wed Aug 24 10:56:02 IST 2022","Wed Aug 24 10:56:21 IST 2022","19413","Suite","Test","Attendance.AttendanceLandingPageCheck","Attendance.AttendanceLandingPageCheck","teacherLanding","teacherLanding","Examine whether or not the teacher can successfully get inside the Attendance module."
"passed","Wed Aug 24 13:59:04 IST 2022","Wed Aug 24 13:59:40 IST 2022","35469","Suite","Test","Library.WorkbookNameVerify","Library.WorkbookNameVerify","TeacherWorkbookCheck","TeacherWorkbookCheck","To check if the teacher workbook name is the same as that mentioned in the library image"
"passed","Wed Aug 24 13:47:04 IST 2022","Wed Aug 24 13:47:09 IST 2022","5450","Suite","Test","loginFunctionality.UserSignInFunctionality","loginFunctionality.UserSignInFunctionality","StudentLoginPageIncorrectPassword","StudentLoginPageIncorrectPassword","Examin Student Login with incorrect password details"
"passed","Wed Aug 24 11:03:42 IST 2022","Wed Aug 24 11:04:14 IST 2022","32159","Suite","Test","Attendance.AttendancePresentAbsentLeaveHoliday","Attendance.AttendancePresentAbsentLeaveHoliday","teacherPALCountCheck","teacherPALCountCheck","Examine whether or not the teacher can view the count of present, absent, and leave correctly."
"passed","Wed Aug 24 11:27:46 IST 2022","Wed Aug 24 11:28:11 IST 2022","24733","Suite","Test","Doubts.DoubtsViewCountCheck","Doubts.DoubtsViewCountCheck","studentViewCountCheck","studentViewCountCheck","Examine whether or not the student can successfully view the increase in view count when viewed."
"passed","Wed Aug 24 12:41:39 IST 2022","Wed Aug 24 12:42:05 IST 2022","25390","Suite","Test","Library.LibLandingPageCheck","Library.LibLandingPageCheck","teacherLanding","teacherLanding","Examine whether or not the teacher can successfully get inside the library module."
"passed","Wed Aug 24 11:30:44 IST 2022","Wed Aug 24 11:31:07 IST 2022","22521","Suite","Test","Doubts.DoubtsViewCountCheck","Doubts.DoubtsViewCountCheck","teacherViewCountCheck","teacherViewCountCheck","Examine whether or not the teacher can successfully view the increase in view count when viewed."
"passed","Wed Aug 24 12:06:39 IST 2022","Wed Aug 24 12:07:07 IST 2022","28228","Suite","Test","Publish.PublishPagination","Publish.PublishPagination","teacherPublishPagination","teacherPublishPagination","Examine whether or not the teacher can successfully navigate to next pages."
"passed","Wed Aug 24 11:29:06 IST 2022","Wed Aug 24 11:29:28 IST 2022","22425","Suite","Test","Doubts.DoubtsViewCountCheck","Doubts.DoubtsViewCountCheck","teacherViewCountCheck","teacherViewCountCheck","Examine whether or not the teacher can successfully view the increase in view count when viewed."
"passed","Wed Aug 24 13:45:48 IST 2022","Wed Aug 24 13:45:48 IST 2022","79","Suite","Test","loginFunctionality.LoginLandingPageCheck","loginFunctionality.LoginLandingPageCheck","studentLandingPage","studentLandingPage","Examin Student Toggel check "
"failed","Wed Aug 24 11:47:36 IST 2022","Wed Aug 24 11:48:26 IST 2022","50008","Suite","Test","Doubts.DoubtsFilterFunctionality","Doubts.DoubtsFilterFunctionality","teacherFilterFunctionalityCheck","teacherFilterFunctionalityCheck","Examine whether or not the teacher can successfully filter the content by applying specific filters."
"passed","Wed Aug 24 12:33:45 IST 2022","Wed Aug 24 12:34:44 IST 2022","59744","Suite","Test","Notebook.LessonNameVerify","Notebook.LessonNameVerify","TeacherLessonNameCheck","TeacherLessonNameCheck","Whichever option is selected, the lesson name should be clearly visible."
"passed","Wed Aug 24 13:19:34 IST 2022","Wed Aug 24 13:20:05 IST 2022","30645","Suite","Test","Library.SearchCheck","Library.SearchCheck","StudentSearchCheck","StudentSearchCheck","Searched content should be displayed on screen."
"broken","Wed Aug 24 12:48:06 IST 2022","Wed Aug 24 12:48:06 IST 2022","0","Suite","Test","Library.WorkbookNameVerify","Library.WorkbookNameVerify","standardLogic","standardLogic",""
"passed","Wed Aug 24 11:30:19 IST 2022","Wed Aug 24 11:30:42 IST 2022","22673","Suite","Test","Doubts.DoubtsViewCountCheck","Doubts.DoubtsViewCountCheck","teacherViewCountCheck","teacherViewCountCheck","Examine whether or not the teacher can successfully view the increase in view count when viewed."
"passed","Wed Aug 24 11:35:08 IST 2022","Wed Aug 24 11:35:29 IST 2022","20395","Suite","Test","Doubts.DoubtsNewDoubtCheck","Doubts.DoubtsNewDoubtCheck","teacherViewNewDoubt","teacherViewNewDoubt","Examine whether or not the teacher can successfully view the doubt asked by the students."
"passed","Wed Aug 24 12:04:37 IST 2022","Wed Aug 24 12:05:26 IST 2022","48789","Suite","Test","Publish.PublishPagination","Publish.PublishPagination","teacherPublishPagination","teacherPublishPagination","Examine whether or not the teacher can successfully navigate to next pages."
"passed","Wed Aug 24 11:14:37 IST 2022","Wed Aug 24 11:14:59 IST 2022","21624","Suite","Test","Attendance.AttendancePaginationCheck","Attendance.AttendancePaginationCheck","studentPaginationCheck","studentPaginationCheck","Examine whether or not the student can navigate to next pages through pagination."
"passed","Wed Aug 24 14:08:23 IST 2022","Wed Aug 24 14:08:46 IST 2022","22667","Suite","Test","Publish.PublishNewContentCheck","Publish.PublishNewContentCheck","studentPublishNewContentCheck","studentPublishNewContentCheck","Examine whether or not the student can successfully view the published content published by teacher."
"passed","Wed Aug 24 11:04:51 IST 2022","Wed Aug 24 11:05:23 IST 2022","32145","Suite","Test","Attendance.AttendancePresentAbsentLeaveHoliday","Attendance.AttendancePresentAbsentLeaveHoliday","teacherPALCountCheck","teacherPALCountCheck","Examine whether or not the teacher can view the count of present, absent, and leave correctly."
"passed","Wed Aug 24 12:21:45 IST 2022","Wed Aug 24 12:22:05 IST 2022","19391","Suite","Test","Notebook.NotebookLandingPageCheck","Notebook.NotebookLandingPageCheck","teacherLanding","teacherLanding","Examine whether or not the teacher can successfully get inside the Notebook module."
"passed","Wed Aug 24 11:37:00 IST 2022","Wed Aug 24 11:37:42 IST 2022","41516","Suite","Test","Doubts.DoubtsUploadMultimediaCheck","Doubts.DoubtsUploadMultimediaCheck","studentUploadMultimedia","studentUploadMultimedia","Examine whether or not the student can successfully upload multimedia content in his/her doubt."
"passed","Wed Aug 24 11:00:19 IST 2022","Wed Aug 24 11:01:41 IST 2022","81682","Suite","Test","Attendance.AttendancePresentAbsentLeaveHoliday","Attendance.AttendancePresentAbsentLeaveHoliday","studentPALHCountCheck","studentPALHCountCheck","Examine whether or not the student can view the count of present, absent, leave, and holiday correctly."
"passed","Wed Aug 24 14:25:50 IST 2022","Wed Aug 24 14:28:12 IST 2022","141778","Suite","Test","Notebook.viewHighlightsNotesBookmarks","Notebook.viewHighlightsNotesBookmarks","CheckTeacherHighlightsNotesBookmarks","CheckTeacherHighlightsNotesBookmarks","To see if a teacher can view highlights, notes and bookmarks from library in Notebook"
"passed","Wed Aug 24 13:49:32 IST 2022","Wed Aug 24 13:49:43 IST 2022","10660","Suite","Test","loginFunctionality.UserSignInFunctionality","loginFunctionality.UserSignInFunctionality","TeacherLoginPageIncorrectPassword","TeacherLoginPageIncorrectPassword","Examin Teacher Login with incorrect password details"
"passed","Wed Aug 24 14:09:15 IST 2022","Wed Aug 24 14:09:37 IST 2022","22420","Suite","Test","Publish.PublishNewContentCheck","Publish.PublishNewContentCheck","studentPublishNewContentCheck","studentPublishNewContentCheck","Examine whether or not the student can successfully view the published content published by teacher."
"passed","Wed Aug 24 12:02:26 IST 2022","Wed Aug 24 12:02:56 IST 2022","30374","Suite","Test","Publish.PublishPagination","Publish.PublishPagination","studentPublishPagination","studentPublishPagination","Examine whether or not the student can successfully navigate to next pages."
"passed","Wed Aug 24 11:36:16 IST 2022","Wed Aug 24 11:36:36 IST 2022","20340","Suite","Test","Doubts.DoubtsNewDoubtCheck","Doubts.DoubtsNewDoubtCheck","teacherViewNewDoubt","teacherViewNewDoubt","Examine whether or not the teacher can successfully view the doubt asked by the students."
"passed","Wed Aug 24 11:31:57 IST 2022","Wed Aug 24 11:32:43 IST 2022","45605","Suite","Test","Doubts.DoubtsNewDoubtCheck","Doubts.DoubtsNewDoubtCheck","studentAskNewDoubt","studentAskNewDoubt","Examine whether or not the student can successfully ask his/her doubt."
"passed","Wed Aug 24 11:27:19 IST 2022","Wed Aug 24 11:27:44 IST 2022","24592","Suite","Test","Doubts.DoubtsViewCountCheck","Doubts.DoubtsViewCountCheck","studentViewCountCheck","studentViewCountCheck","Examine whether or not the student can successfully view the increase in view count when viewed."
"passed","Wed Aug 24 12:40:17 IST 2022","Wed Aug 24 12:40:43 IST 2022","25394","Suite","Test","Library.LibLandingPageCheck","Library.LibLandingPageCheck","teacherLanding","teacherLanding","Examine whether or not the teacher can successfully get inside the library module."
"passed","Wed Aug 24 14:07:56 IST 2022","Wed Aug 24 14:08:21 IST 2022","24099","Suite","Test","Publish.PublishNewContentCheck","Publish.PublishNewContentCheck","studentPublishNewContentCheck","studentPublishNewContentCheck","Examine whether or not the student can successfully view the published content published by teacher."
"passed","Wed Aug 24 14:23:25 IST 2022","Wed Aug 24 14:25:47 IST 2022","141696","Suite","Test","Notebook.viewHighlightsNotesBookmarks","Notebook.viewHighlightsNotesBookmarks","CheckTeacherHighlightsNotesBookmarks","CheckTeacherHighlightsNotesBookmarks","To see if a teacher can view highlights, notes and bookmarks from library in Notebook"
"passed","Wed Aug 24 11:15:01 IST 2022","Wed Aug 24 11:15:31 IST 2022","30473","Suite","Test","Attendance.AttendancePaginationCheck","Attendance.AttendancePaginationCheck","teacherPaginationCheck","teacherPaginationCheck","Examine whether or not the teacher can navigate to next pages through pagination."
"passed","Wed Aug 24 11:58:55 IST 2022","Wed Aug 24 11:59:31 IST 2022","36688","Suite","Test","Publish.PublishViewsandLikes_Student","Publish.PublishViewsandLikes_Student","studentPublishViewsandLikes","studentPublishViewsandLikes","Examine whether or not the student can successfully view and like the published content."
